,TMB (nonsynonymous),Mutation Count,Fraction Genome Altered,Tumor Purity
TMB (nonsynonymous),1.0,0.9935994264611699,0.17384550285935438,0.22201604241538672
Mutation Count,0.9935994264611699,1.0,-0.15188541393071234,0.1985896514897329
Fraction Genome Altered,0.17384550285935438,-0.15188541393071234,1.0,0.25410497188055725
Tumor Purity,0.22201604241538672,0.1985896514897329,0.25410497188055725,1.0
